"GS","converged","loss","gene.tested","coef","std.err","t.value","p.value","adj.p.val"
"KEGG_GLYCOLYSIS_GLUCONEOGENESIS","Y",0.021187478058274,55,0.0261897725849624,0.0115394247044409,2.26959083799762,0.0232446120415183,0.0592956164342255
"KEGG_CITRATE_CYCLE_TCA_CYCLE","Y",0.0115943108255859,27,-0.00124764201013528,0.0124025758616538,-0.100595394380351,0.919872812840296,0.944405327736552
"KEGG_PENTOSE_PHOSPHATE_PATHWAY","Y",0.0107881414373377,25,0.0215727512712092,0.0161802970483027,1.33327288162934,0.182459738335329,0.290064199404881
"KEGG_PENTOSE_AND_GLUCURONATE_INTERCONVERSIONS","Y",0.00963905906801991,23,0.0912210919141919,0.0270488728183271,3.37245446517773,0.000746638448445555,0.00356089106181726
"KEGG_FRUCTOSE_AND_MANNOSE_METABOLISM","Y",0.0136246362425296,33,0.0342447166141067,0.0158131643944366,2.16558278658981,0.0303566350077694,0.0733290144343521
"KEGG_GALACTOSE_METABOLISM","Y",0.0107498268000087,25,0.0291426780816156,0.0172434399993158,1.69007333123622,0.0910318534672935,0.174555925205326
"KEGG_ASCORBATE_AND_ALDARATE_METABOLISM","Y",0.00936207704467268,22,0.0760105749318251,0.0258488349232935,2.94058030690306,0.00328029568313547,0.0122026999412639
"KEGG_FATTY_ACID_METABOLISM","Y",0.0148622789599599,36,-0.00203587688242086,0.0106515963228519,-0.191133499685216,0.848423234314165,0.891563398770818
"KEGG_STEROID_BIOSYNTHESIS","Y",0.00640061789321073,14,0.0544302265771929,0.0293800041664348,1.8526282797256,0.0639525916110251,0.129295456952725
"KEGG_PRIMARY_BILE_ACID_BIOSYNTHESIS","Y",0.00690122244525558,15,0.0258514653294656,0.0217317948765407,1.18956880811405,0.234232156414518,0.357108041746725
"KEGG_STEROID_HORMONE_BIOSYNTHESIS","Y",0.0179280102197462,46,0.0505058104597231,0.0154041897636799,3.27870606857921,0.00104489006837845,0.00462737030281887
"KEGG_OXIDATIVE_PHOSPHORYLATION","Y",0.0362167002185837,104,0.0275112461040613,0.00846114100496992,3.25148181408414,0.00115023749500526,0.00486236759252224
"KEGG_PURINE_METABOLISM","Y",0.0465036580425496,139,0.00866578278095896,0.0060849458711398,1.42413473586672,0.154425420009033,0.254186974528143
"KEGG_PYRIMIDINE_METABOLISM","Y",0.0310096967278362,86,0.0204711225320223,0.00867677249026707,2.35930152081148,0.0183203653889035,0.0493853327874791
"KEGG_ALANINE_ASPARTATE_AND_GLUTAMATE_METABOLISM","Y",0.0123329616665037,29,-0.00245479855429518,0.0118106906519862,-0.207845470398665,0.835352062030721,0.882815247373375
"KEGG_GLYCINE_SERINE_AND_THREONINE_METABOLISM","Y",0.0126238172418651,30,0.0228343245840829,0.0151336830068472,1.50884121028249,0.131357537830643,0.222113654877269
"KEGG_CYSTEINE_AND_METHIONINE_METABOLISM","Y",0.0130428947218975,31,-0.00975415364512601,0.0105373979444455,-0.92567004649071,0.354630327145358,0.471151720350262
"KEGG_VALINE_LEUCINE_AND_ISOLEUCINE_DEGRADATION","Y",0.0165953873905153,41,0.0102850338056147,0.0113845599581553,0.903419529908752,0.36631579541235,0.483225091820547
"KEGG_VALINE_LEUCINE_AND_ISOLEUCINE_BIOSYNTHESIS","Y",0.00482805784702754,10,0.0287130003369628,0.0273821998900275,1.04860093244078,0.294376402789102,0.411684292622353
"KEGG_LYSINE_DEGRADATION","Y",0.0165507508650472,41,-0.0143262468806963,0.00875857108174864,-1.63568312079464,0.101924025638333,0.190978134942606
"KEGG_ARGININE_AND_PROLINE_METABOLISM","Y",0.0189462882084973,48,0.0173290704074887,0.0112754682540077,1.53688255042794,0.124340270845276,0.217258595132228
"KEGG_HISTIDINE_METABOLISM","Y",0.0115322970597285,27,0.0214342483117798,0.0155444110846985,1.37890385135781,0.16794213975397,0.271628156471638
"KEGG_TYROSINE_METABOLISM","Y",0.0143737023812046,35,0.0289101434281457,0.0146737908657371,1.97018914148832,0.0488325419623953,0.104400606954087
"KEGG_PHENYLALANINE_METABOLISM","Y",0.00690707278923214,15,0.0239112056763393,0.0212240604841474,1.12660844018038,0.259923618484656,0.383696770144016
"KEGG_TRYPTOPHAN_METABOLISM","Y",0.0129097555818092,31,0.0343425020463621,0.0161141832275573,2.13119719202597,0.0330868867347865,0.0786024783335588
"KEGG_BETA_ALANINE_METABOLISM","Y",0.00930122480254929,21,0.0132051410355724,0.0163480808577229,0.80774869848617,0.41924631420691,0.523354459345539
"KEGG_TAURINE_AND_HYPOTAURINE_METABOLISM","Y",0.00440401297924981,9,0.0265014217080727,0.0281672659265538,0.940858859967995,0.346790264532812,0.464050282036713
"KEGG_SELENOAMINO_ACID_METABOLISM","Y",0.0108457231384352,25,0.00214532933883946,0.0133671240791302,0.160492962146505,0.872494629757273,0.901577784082516
"KEGG_GLUTATHIONE_METABOLISM","Y",0.018255591607764,46,0.0191432338926124,0.0117292000902904,1.63210054779946,0.10267641663581,0.190978134942606
"KEGG_STARCH_AND_SUCROSE_METABOLISM","Y",0.0170827617102013,43,0.0357710467694032,0.014172881875262,2.52390777572483,0.0116146687515622,0.0360054731298427
"KEGG_N_GLYCAN_BIOSYNTHESIS","Y",0.0179994221763818,45,-0.00223000644597152,0.00951045765984217,-0.234479404223385,0.814615581738887,0.871872933692386
"KEGG_OTHER_GLYCAN_DEGRADATION","Y",0.0060951153908699,13,0.0231400303861487,0.0227889351061701,1.01540639254721,0.309926277182955,0.423869761441394
"KEGG_O_GLYCAN_BIOSYNTHESIS","Y",0.0119352163264496,28,-0.0116191575837804,0.01083370803853,-1.07250052728548,0.283510163540965,0.408782096268368
"KEGG_AMINO_SUGAR_AND_NUCLEOTIDE_SUGAR_METABOLISM","Y",0.0161082852118225,40,0.0302063926622869,0.0138957132330544,2.17379217285756,0.0297341936124627,0.072770526472606
"KEGG_GLYCOSAMINOGLYCAN_DEGRADATION","Y",0.00774376457832255,17,0.0095399973894823,0.0175230970864269,0.544424158722023,0.586156607053028,0.668865821545173
"KEGG_GLYCOSAMINOGLYCAN_BIOSYNTHESIS_CHONDROITIN_SULFATE","Y",0.0096949460276169,22,-0.00839010329840473,0.0126821078397419,-0.661570095793752,0.508255545248799,0.599007310518835
"KEGG_GLYCOSAMINOGLYCAN_BIOSYNTHESIS_KERATAN_SULFATE","Y",0.00693047477791252,15,0.0149373845289397,0.0195946327503685,0.76232020876527,0.44587925708966,0.53852949232907
"KEGG_GLYCOSAMINOGLYCAN_BIOSYNTHESIS_HEPARAN_SULFATE","Y",0.0107861752045581,25,-0.0167235144814554,0.010804589862048,-1.54781576116999,0.121684861966569,0.215556041197923
"KEGG_GLYCEROLIPID_METABOLISM","Y",0.0179921340398886,45,-0.00520292066829832,0.00920412033217273,-0.565281686954011,0.571889476940908,0.660692190751608
"KEGG_INOSITOL_PHOSPHATE_METABOLISM","Y",0.0199554241065693,51,-0.0136481793144933,0.00788727110825131,-1.73040575468684,0.0835755509377531,0.161927629941897
"KEGG_GLYCOSYLPHOSPHATIDYLINOSITOL_GPI_ANCHOR_BIOSYNTHESIS","Y",0.0100876088187795,23,0.00320090840767007,0.0140916686520432,0.227148997518186,0.820310555893374,0.871872933692386
"KEGG_GLYCEROPHOSPHOLIPID_METABOLISM","Y",0.0255745232244382,68,-0.00448916189204106,0.00755533002246464,-0.594171515829648,0.552405133072082,0.642170967196295
"KEGG_ETHER_LIPID_METABOLISM","Y",0.0115704499834489,27,0.0125801898817608,0.0143226230702417,0.878343989090859,0.379769208628177,0.487152226240283
"KEGG_ARACHIDONIC_ACID_METABOLISM","Y",0.0188129235358628,48,0.0314373720421482,0.0128614518251078,2.44430974586998,0.0145228239782521,0.0415576193839213
"KEGG_LINOLEIC_ACID_METABOLISM","Y",0.0101296910837906,24,0.0701453288726686,0.0238037836848573,2.94681424606002,0.00321492173937959,0.0122026999412639
"KEGG_ALPHA_LINOLENIC_ACID_METABOLISM","Y",0.00690721078741784,15,0.0238644565227604,0.0213059356864411,1.12008488498102,0.262693063600445,0.384731573462069
"KEGG_SPHINGOLIPID_METABOLISM","Y",0.0137753257340639,33,-0.00768302167508029,0.0104560218028845,-0.734793960831333,0.462474896174601,0.554969875409522
"KEGG_GLYCOSPHINGOLIPID_BIOSYNTHESIS_LACTO_AND_NEOLACTO_SERIES","Y",0.0108174595669972,25,-0.0120154592100259,0.0114358948303595,-1.05067940797495,0.293420460255168,0.411684292622353
"KEGG_GLYCOSPHINGOLIPID_BIOSYNTHESIS_GLOBO_SERIES","Y",0.00612579178469921,13,0.00665776298302132,0.0194413581019217,0.342453595480207,0.732013700259597,0.800909107342853
"KEGG_GLYCOSPHINGOLIPID_BIOSYNTHESIS_GANGLIO_SERIES","Y",0.00652107221999334,14,0.0163223839210427,0.0209420099405125,0.779408660744972,0.435749632642717,0.533219945207536
"KEGG_PYRUVATE_METABOLISM","Y",0.0144246847612712,35,0.0217082624712246,0.0139124818214492,1.56034435479056,0.118696728162892,0.212284533060556
"KEGG_GLYOXYLATE_AND_DICARBOXYLATE_METABOLISM","Y",0.00692779241283689,15,-0.0130892805912736,0.014567505261697,-0.898525887317839,0.368917693551349,0.483230218313739
"KEGG_PROPANOATE_METABOLISM","Y",0.0119213057830215,28,0.0172275043088924,0.0146618850189865,1.17498563701622,0.2400165537236,0.362017073573843
"KEGG_BUTANOATE_METABOLISM","Y",0.0126484991117271,30,0.0182769529082835,0.0144038712829572,1.26889171315416,0.204496675732961,0.322342217680769
"KEGG_ONE_CARBON_POOL_BY_FOLATE","Y",0.00733162875197367,16,0.015551089450508,0.0191285601188069,0.8129775243887,0.416242076783796,0.5231150424445
"KEGG_RIBOFLAVIN_METABOLISM","Y",0.00692847461204972,15,0.0158254915271043,0.0197698410837411,0.800486531989337,0.423439901562818,0.525065477937895
"KEGG_NICOTINATE_AND_NICOTINAMIDE_METABOLISM","Y",0.0104649159947334,24,0.00521465782532283,0.0140928402542045,0.370021779234109,0.711370769976529,0.786453022293354
"KEGG_PANTOTHENATE_AND_COA_BIOSYNTHESIS","Y",0.00612848547137069,13,0.00317117265169469,0.0187340074653136,0.169273587488752,0.865583419605853,0.899433050540161
"KEGG_FOLATE_BIOSYNTHESIS","Y",0.00519568788860036,11,0.0494853572616015,0.0317120285645359,1.5604601629598,0.118669378150151,0.212284533060556
"KEGG_RETINOL_METABOLISM","Y",0.0205381438814667,53,0.0254476862529883,0.0116537552225756,2.18364688179576,0.0290015259782745,0.0719237844261207
"KEGG_PORPHYRIN_AND_CHLOROPHYLL_METABOLISM","Y",0.0140987827020793,35,0.0607182850623529,0.019033185483893,3.19012732333934,0.00142462557026324,0.00588845235708804
"KEGG_TERPENOID_BACKBONE_BIOSYNTHESIS","Y",0.00571091767368097,12,-0.00500795846470607,0.0178419340742762,-0.280684730918625,0.778955560924971,0.842358920535142
"KEGG_LIMONENE_AND_PINENE_DEGRADATION","Y",0.00443377228089704,9,-0.000187233932432176,0.0217174596964396,-0.00862135512390854,0.993121337983907,0.993121337983907
"KEGG_NITROGEN_METABOLISM","Y",0.00968244737262744,22,-0.0117437888249822,0.0121976710637369,-0.962789434443422,0.335666594336538,0.453763120152972
"KEGG_SULFUR_METABOLISM","Y",0.00478287165395649,10,0.0476466033726938,0.0313494859882316,1.51985277814698,0.128566165347783,0.219388135364107
"KEGG_AMINOACYL_TRNA_BIOSYNTHESIS","Y",0.0145974947341515,36,0.0440597213500062,0.0161917599667915,2.72111996721608,0.00651258854091763,0.022024390338376
"KEGG_METABOLISM_OF_XENOBIOTICS_BY_CYTOCHROME_P450","Y",0.0224714050783775,60,0.0501734843545744,0.0134337535721628,3.73488199594065,0.000188402997372172,0.00106190780337042
"KEGG_DRUG_METABOLISM_CYTOCHROME_P450","Y",0.0237232029349926,64,0.0506837300072328,0.0130424945194452,3.88604572013949,0.000102268239399202,0.00063406308427505
"KEGG_DRUG_METABOLISM_OTHER_ENZYMES","Y",0.0168924034304079,43,0.0535157988677382,0.0163556810637817,3.27200063751821,0.00106997485520847,0.00462826332718084
"KEGG_BIOSYNTHESIS_OF_UNSATURATED_FATTY_ACIDS","Y",0.00885811047218663,20,-0.0204014229443047,0.0115737050896296,-1.76273913896294,0.077962063053728,0.15426535880844
"KEGG_ABC_TRANSPORTERS","Y",0.015918243461509,39,0.00399279834455021,0.0109174148659105,0.365727454126311,0.714572907352563,0.786453022293354
"KEGG_RIBOSOME","Y",0.0251538441666505,68,0.0398167010002607,0.0116318704580619,3.42306950062912,0.000620609371108064,0.00303771955331842
"KEGG_RNA_DEGRADATION","Y",0.0203199278581152,52,-0.010845673253325,0.00808336384476782,-1.34172770910778,0.179701822548238,0.288142577534244
"KEGG_RNA_POLYMERASE","Y",0.0100428545772498,23,0.019799658597071,0.0166219427307932,1.19117596046044,0.233600776105028,0.357108041746725
"KEGG_BASAL_TRANSCRIPTION_FACTORS","Y",0.0119627242616882,28,0.00388520863796319,0.0128669242758542,0.301953175029877,0.762691370363326,0.829594122149583
"KEGG_DNA_REPLICATION","Y",0.0120884980485748,29,0.0483623091532695,0.0196434299806817,2.46200939453198,0.0138257361082842,0.040181045564701
"KEGG_SPLICEOSOME","Y",0.0402909974414717,117,0.00999357245021173,0.00672528320536419,1.48597050043048,0.137305056170037,0.228024468282383
"KEGG_PROTEASOME","Y",0.013342226536715,32,0.0235293762405876,0.0146393986975847,1.60726384509698,0.108014660834525,0.196967910933546
"KEGG_PROTEIN_EXPORT","Y",0.0100891184536876,23,0.000229561956513579,0.0136519187134591,0.0168153620990476,0.986584107397229,0.991916994464241
"KEGG_PPAR_SIGNALING_PATHWAY","Y",0.0239788727490404,63,0.00191692265690508,0.00840835261465026,0.227978385868967,0.819665724629907,0.871872933692386
"KEGG_BASE_EXCISION_REPAIR","Y",0.0113460334330027,27,0.0512278485831269,0.0211371653123167,2.42359123497398,0.0153780294983348,0.0433380831316708
"KEGG_NUCLEOTIDE_EXCISION_REPAIR","Y",0.0147358947779543,36,0.0276250326870909,0.0145573584273171,1.89766796119083,0.0577563854785227,0.118051513175882
"KEGG_MISMATCH_REPAIR","Y",0.00790248463647996,18,0.0686027192155081,0.026707504302382,2.56866828284624,0.0102172812446699,0.0327657639915276
"KEGG_HOMOLOGOUS_RECOMBINATION","Y",0.0103363056433227,24,0.0364489064959736,0.0186436535318492,1.95503024306408,0.05059550057444,0.106940489850521
"KEGG_NON_HOMOLOGOUS_END_JOINING","Y",0.0060161802041761,13,0.0492579647986781,0.0284318448781565,1.73249273867985,0.0832036027249299,0.161927629941897
"KEGG_MAPK_SIGNALING_PATHWAY","Y",0.0725560492745126,243,-0.0213977585548189,0.00337258501775818,-6.34461650103706,2.28489832668252e-10,8.33400300746996e-09
"KEGG_ERBB_SIGNALING_PATHWAY","Y",0.0300327449659823,85,-0.0309066391873934,0.00508550382515829,-6.07739965399228,1.24694079988768e-09,3.31329983970154e-08
"KEGG_CALCIUM_SIGNALING_PATHWAY","Y",0.0526233004032357,162,-0.0128353891645706,0.0044878951403328,-2.86000201948096,0.00424142761355165,0.0148850101154831
"KEGG_CYTOKINE_CYTOKINE_RECEPTOR_INTERACTION","Y",0.06907050197003,225,0.00543113776392653,0.00463537278678423,1.1716722718421,0.241344715715895,0.362017073573843
"KEGG_CHEMOKINE_SIGNALING_PATHWAY","Y",0.0546962114994009,169,-0.00314314234523531,0.0048790615592235,-0.644210430035144,0.519447486925511,0.60765555074305
"KEGG_PHOSPHATIDYLINOSITOL_SIGNALING_SYSTEM","Y",0.0264936658135955,72,-0.0229986140084627,0.0059833320486836,-3.84378032529929,0.000121584641956374,0.000729507851738246
"KEGG_NEUROACTIVE_LIGAND_RECEPTOR_INTERACTION","Y",0.0695702419372669,227,0.00528864368687064,0.00460831290161087,1.14763120469141,0.251136633466987,0.373691310598876
"KEGG_CELL_CYCLE","Y",0.0390434406427337,113,-0.0133079411527828,0.00533122159485813,-2.49622734977254,0.0125613988977021,0.0370860348408348
"KEGG_OOCYTE_MEIOSIS","Y",0.0356558140168232,102,-0.0192720989922962,0.00524805713770011,-3.6722349788939,0.000241159009536356,0.0013186162948831
"KEGG_P53_SIGNALING_PATHWAY","Y",0.0237882507473687,64,-0.0281395374810702,0.00601576681328614,-4.67763102434798,2.92391907186712e-06,2.71924473683642e-05
"KEGG_UBIQUITIN_MEDIATED_PROTEOLYSIS","Y",0.0428120282248687,127,-0.0188142359899864,0.00472816329644061,-3.9791848991658,6.94324837164549e-05,0.000478312665602245
"KEGG_SNARE_INTERACTIONS_IN_VESICULAR_TRANSPORT","Y",0.0135214523511506,33,-0.0282156720870979,0.00821772465691607,-3.43351393056853,0.000597200321570337,0.00300214215708332
"KEGG_REGULATION_OF_AUTOPHAGY","Y",0.0108171937405218,25,0.0145932285409472,0.0151885238338348,0.960806244280208,0.336662960113495,0.453763120152972
"KEGG_LYSOSOME","Y",0.038911654696159,112,0.00262577892445283,0.00636196414139057,0.412730858913471,0.679808902561979,0.757152430398372
"KEGG_ENDOCYTOSIS","Y",0.0555232952639328,174,-0.0183593835651477,0.00408259743425212,-4.49698601461815,6.93693137634286e-06,5.86486016363532e-05
"KEGG_PEROXISOME","Y",0.0271213532555954,73,0.0103805506679361,0.00852575372929577,1.21755225373998,0.223410692602592,0.346286573534018
"KEGG_MTOR_SIGNALING_PATHWAY","Y",0.0194766360286954,51,-0.0318811881161483,0.00646817387002699,-4.92893183714236,8.34417838433766e-07,9.12951282051062e-06
"KEGG_APOPTOSIS","Y",0.0297790337680015,82,-0.0163889164288472,0.00604265553080316,-2.71220431899564,0.00669031094747526,0.0222213899326857
"KEGG_CARDIAC_MUSCLE_CONTRACTION","Y",0.0249027002456249,66,-0.00917684927644246,0.00728840134411704,-1.25910317546518,0.208009972054614,0.325124830270237
"KEGG_VASCULAR_SMOOTH_MUSCLE_CONTRACTION","Y",0.0364170386082324,104,-0.0138824200873013,0.00551359700969091,-2.51785178766257,0.0118162083064218,0.0360105505214016
"KEGG_WNT_SIGNALING_PATHWAY","Y",0.0450539837323409,137,-0.026651919483171,0.00421742673223966,-6.31947421384543,2.68838806692579e-10,8.33400300746996e-09
"KEGG_DORSO_VENTRAL_AXIS_FORMATION","Y",0.0103664347372871,24,-0.0214808224465823,0.010527514932876,-2.04044568766182,0.0413210312047943,0.0934553363298939
"KEGG_NOTCH_SIGNALING_PATHWAY","Y",0.0183425191389552,46,-0.00090913920541612,0.00954201666933246,-0.0952774698390587,0.924095535742217,0.944405327736552
"KEGG_HEDGEHOG_SIGNALING_PATHWAY","Y",0.0200325371264948,51,-0.00164728755943437,0.00899169238549512,-0.183201058133581,0.854642400407355,0.893053294807685
"KEGG_TGF_BETA_SIGNALING_PATHWAY","Y",0.0286675146151351,79,-0.022484974595896,0.00573806186803612,-3.91856607910566,8.9418277592161e-05,0.000573510332142826
"KEGG_AXON_GUIDANCE","Y",0.0412872567318074,124,-0.0291093618925799,0.0042870061828058,-6.79013760449679,1.156492449821e-11,7.17025318889017e-10
"KEGG_VEGF_SIGNALING_PATHWAY","Y",0.0258001186459364,69,-0.0134692855666489,0.00681199100118119,-1.97729056957259,0.0480245652858776,0.103867083060154
"KEGG_FOCAL_ADHESION","Y",0.05912866729522,189,-0.021948434185089,0.00379742934126938,-5.77981371412489,7.60636494398446e-09,1.41478387958111e-07
"KEGG_ECM_RECEPTOR_INTERACTION","Y",0.0289321235386271,79,-0.0129894439271705,0.00640023662377183,-2.02952557705835,0.0424199867056102,0.0939299705624225
"KEGG_CELL_ADHESION_MOLECULES_CAMS","Y",0.0423504724214875,124,-0.00294010746050832,0.00570019541150421,-0.515790643698733,0.606007196826191,0.683135385513161
"KEGG_ADHERENS_JUNCTION","Y",0.025050776020168,68,-0.0278606737431873,0.00573007241163121,-4.86218528174865,1.17111081982888e-06,1.21014784715651e-05
"KEGG_TIGHT_JUNCTION","Y",0.0401418962891815,117,-0.0149359721357683,0.00515739532053588,-2.89603010967489,0.0037838704439839,0.0135346135111732
"KEGG_GAP_JUNCTION","Y",0.0304396806726939,84,-0.0142720696341734,0.00609396267129287,-2.34200148639005,0.0191918631143509,0.0502772752009755
"KEGG_COMPLEMENT_AND_COAGULATION_CASCADES","Y",0.0226878209680051,60,0.0355926780074071,0.0118911290780811,2.9932126523641,0.00276445224361975,0.0109401727087931
"KEGG_ANTIGEN_PROCESSING_AND_PRESENTATION","Y",0.025124980545161,67,0.0202823972829646,0.00982518502524866,2.06432726008143,0.0390014965970849,0.0906784795882224
"KEGG_RENIN_ANGIOTENSIN_SYSTEM","Y",0.0068568334065715,15,0.0389583390201865,0.0241431531953193,1.61363922537423,0.106623851593799,0.196356796004422
"KEGG_TOLL_LIKE_RECEPTOR_SIGNALING_PATHWAY","Y",0.0320969968174932,89,-0.0035178110448955,0.00667867568078465,-0.526722843424883,0.598392789676342,0.67866499316951
"KEGG_NOD_LIKE_RECEPTOR_SIGNALING_PATHWAY","Y",0.0223319760640909,58,-0.00705531101924212,0.00795332443289742,-0.887089553402242,0.375042958641476,0.48443048824524
"KEGG_RIG_I_LIKE_RECEPTOR_SIGNALING_PATHWAY","Y",0.0226212878232463,59,-0.0112784179439478,0.00754837160882113,-1.4941524514728,0.135153925197645,0.226474144925784
"KEGG_CYTOSOLIC_DNA_SENSING_PATHWAY","Y",0.0167404068730275,42,0.0359713818260371,0.014318079087065,2.5123050101416,0.0120035168404672,0.0360105505214016
"KEGG_JAK_STAT_SIGNALING_PATHWAY","Y",0.0442589179141193,131,-0.00868298340276555,0.00521225827489836,-1.66587742679249,0.0957558457307026,0.181740686795007
"KEGG_HEMATOPOIETIC_CELL_LINEAGE","Y",0.0270460634314372,73,0.0177474551654538,0.00919335395716083,1.93046577431407,0.0535653949893608,0.111945656944057
"KEGG_NATURAL_KILLER_CELL_MEDIATED_CYTOTOXICITY","Y",0.0394747767668342,114,-0.00498257623891098,0.00581339510204451,-0.857085429675795,0.39140948654072,0.498644962305301
"KEGG_T_CELL_RECEPTOR_SIGNALING_PATHWAY","Y",0.0350662736778675,100,-0.0193881113678195,0.00529014934455519,-3.66494594103934,0.000248126722155421,0.0013186162948831
"KEGG_B_CELL_RECEPTOR_SIGNALING_PATHWAY","Y",0.0260782590994448,70,-0.0154932304318587,0.00661056080442759,-2.3437089363858,0.0191042666041273,0.0502772752009755
"KEGG_FC_EPSILON_RI_SIGNALING_PATHWAY","Y",0.0264041298848702,71,-0.0149306056525418,0.00659374627243362,-2.26435853544471,0.0235643336097252,0.0592956164342255
"KEGG_FC_GAMMA_R_MEDIATED_PHAGOCYTOSIS","Y",0.0330639783214903,93,-0.0175388548617853,0.00561542015936502,-3.1233379451643,0.00179105931621623,0.00724210940904822
"KEGG_LEUKOCYTE_TRANSENDOTHELIAL_MIGRATION","Y",0.0365509399069717,104,-0.00632471884940305,0.00599660270922731,-1.05471700495863,0.291569428696987,0.411684292622353
"KEGG_INTESTINAL_IMMUNE_NETWORK_FOR_IGA_PRODUCTION","Y",0.0161949794128738,40,0.0193365448608014,0.0126031131966361,1.53426733213525,0.124982095049185,0.217258595132228
"KEGG_CIRCADIAN_RHYTHM_MAMMAL","Y",0.00610862290876624,13,-0.0138743250147694,0.0156078021261225,-0.888935219876232,0.374050194389465,0.48443048824524
"KEGG_LONG_TERM_POTENTIATION","Y",0.0237738287791439,64,-0.0284643385873604,0.0059179346703447,-4.80984332760511,1.52314175309312e-06,1.49107561092274e-05
"KEGG_NEUROTROPHIN_SIGNALING_PATHWAY","Y",0.0394263719794249,119,-0.0340626763622575,0.00420565763305629,-8.09925089824867,5.89293207151035e-16,5.48042682650462e-14
"KEGG_LONG_TERM_DEPRESSION","Y",0.0244826019932875,65,-0.0160315743793107,0.00677889777492225,-2.36492345977213,0.0180447154827881,0.0493576041146852
"KEGG_OLFACTORY_TRANSDUCTION","Y",0.0319329942452991,91,0.0486559649492866,0.0122241486349964,3.98031522702447,6.91034508207987e-05,0.000478312665602245
"KEGG_TASTE_TRANSDUCTION","Y",0.0118337496937262,28,0.0328995621073617,0.0170994233285003,1.92401588494079,0.0543688973810673,0.112362387920872
"KEGG_REGULATION_OF_ACTIN_CYTOSKELETON","Y",0.0612189080338061,196,-0.0180252759770823,0.00387921693311277,-4.64662747350364,3.3988043562484e-06,3.01036957267716e-05
"KEGG_INSULIN_SIGNALING_PATHWAY","Y",0.0438818915192798,132,-0.0241736184657223,0.00439619754392636,-5.49875619195497,3.87867400371463e-08,5.153095462078e-07
"KEGG_GNRH_SIGNALING_PATHWAY","Y",0.0317447433125905,89,-0.0210506564768897,0.00550745803765189,-3.8222091449406,0.000132722257370602,0.000771448120966625
"KEGG_PROGESTERONE_MEDIATED_OOCYTE_MATURATION","Y",0.0288164124217337,79,-0.0180078176050393,0.00604858148642213,-2.97719682630767,0.00291298017634549,0.0112877981833388
"KEGG_MELANOGENESIS","Y",0.0320120215389197,90,-0.0218189353762464,0.00543679343351212,-4.01319925854743,6.01522857348546e-05,0.000447533005867318
"KEGG_ADIPOCYTOKINE_SIGNALING_PATHWAY","Y",0.0239942165858539,64,-0.0226789316959061,0.00637892888197754,-3.55528837450769,0.000378567018158208,0.00195592959381741
"KEGG_TYPE_II_DIABETES_MELLITUS","Y",0.0177926229540883,45,-0.0222594778343651,0.00761359550576479,-2.9236485990766,0.00346401258567208,0.0126334576653923
"KEGG_TYPE_I_DIABETES_MELLITUS","Y",0.015153568393897,37,0.0182077478908331,0.0129112729132266,1.41022097613479,0.15849233353817,0.258592754720172
"KEGG_MATURITY_ONSET_DIABETES_OF_THE_YOUNG","Y",0.0100890248510623,23,0.000814773728684955,0.0137381691852615,0.0593073005360173,0.952708027992132,0.968326192385446
"KEGG_ALDOSTERONE_REGULATED_SODIUM_REABSORPTION","Y",0.0163609171483663,41,-0.0254276635987077,0.00774612334912107,-3.28263086613421,0.00103046116550887,0.00462737030281887
"KEGG_VASOPRESSIN_REGULATED_WATER_REABSORPTION","Y",0.0169487664411285,42,-0.00774805985150297,0.0092630154458527,-0.836451142373079,0.402912647696873,0.509807839942983
"KEGG_PROXIMAL_TUBULE_BICARBONATE_RECLAMATION","Y",0.00926271884690453,21,-0.0178927593744148,0.01173358836943,-1.52491793738321,0.127297756489502,0.219235025065253
"KEGG_ALZHEIMERS_DISEASE","Y",0.046279362516039,138,-0.0030127641880513,0.00540181537805665,-0.557731795183116,0.577034723663504,0.66252134939143
"KEGG_PARKINSONS_DISEASE","Y",0.035858062852458,102,0.0155956664575841,0.00762682587786277,2.04484364889609,0.0408853002961411,0.0934553363298939
"KEGG_AMYOTROPHIC_LATERAL_SCLEROSIS_ALS","Y",0.0196119950273297,50,-0.0143655999261125,0.00788799894873075,-1.82119698791593,0.0685940962144678,0.137188192428936
"KEGG_HUNTINGTONS_DISEASE","Y",0.0506791503469869,154,0.00020176359743756,0.00529416673806462,0.0381105483487885,0.96959997861479,0.980139108817125
"KEGG_PRION_DISEASES","Y",0.0141356156657017,34,0.008237607652346,0.0122276890893499,0.673684748782238,0.500520715754709,0.596774699553692
"KEGG_VIBRIO_CHOLERAE_INFECTION","Y",0.0206686847470201,53,0.0103442703570134,0.0100000429251612,1.03442259542567,0.300953033493217,0.417740777833868
"KEGG_EPITHELIAL_CELL_SIGNALING_IN_HELICOBACTER_PYLORI_INFECTION","Y",0.0246073185132816,65,-0.00602396961483934,0.00759769980869636,-0.792867547615435,0.427865815727356,0.52704001142575
"KEGG_PATHOGENIC_ESCHERICHIA_COLI_INFECTION","Y",0.0193476140321651,49,0.00661617977065718,0.0100143829082408,0.660667744710732,0.50883416699987,0.599007310518835
"KEGG_LEISHMANIA_INFECTION","Y",0.0229892021531025,60,0.00700042080920251,0.00909011276774751,0.770113747547841,0.441242885404377,0.536412919511204
"KEGG_PATHWAYS_IN_CANCER","Y",0.0859112085172078,302,-0.0245788059373952,0.00294650657668771,-8.34167693086407,7.86669487050202e-17,1.46320524591338e-14
"KEGG_COLORECTAL_CANCER","Y",0.0216149506273452,58,-0.0339548459290763,0.00587277521229404,-5.78173771371248,7.52002741371121e-09,1.41478387958111e-07
"KEGG_RENAL_CELL_CARCINOMA","Y",0.0248486829834895,68,-0.0318068186673676,0.00553581015450101,-5.74564838382443,9.31010487749408e-09,1.57425409746718e-07
"KEGG_PANCREATIC_CANCER","Y",0.0239119946621052,65,-0.031972015238411,0.0056893752251837,-5.61960039072281,1.94334830214219e-08,3.01218986832039e-07
"KEGG_ENDOMETRIAL_CANCER","Y",0.0193282242572805,50,-0.0271384799146838,0.00690791843261758,-3.92860456871381,8.57704241170896e-05,0.000569760674492095
"KEGG_GLIOMA","Y",0.0230604397669087,63,-0.0358983433106824,0.0056251423468271,-6.38176620204662,1.79483574061627e-10,8.33400300746996e-09
"KEGG_PROSTATE_CANCER","Y",0.0297543919440259,84,-0.0306366720523394,0.00513837721771272,-5.96232443712587,2.53484524796233e-09,5.89351520151242e-08
"KEGG_THYROID_CANCER","Y",0.0117187932859678,28,-0.029142648533121,0.00879128996166657,-3.31494566328653,0.000918484395053923,0.00427095243700074
"KEGG_BASAL_CELL_CARCINOMA","Y",0.0192446909686946,49,-0.0166077873515817,0.00780590647064673,-2.12759240890645,0.0333849235932857,0.0786024783335588
"KEGG_MELANOMA","Y",0.0239753430340299,65,-0.0307769648600521,0.00581629089913881,-5.29151058531289,1.2278139555e-07,1.52248930481999e-06
"KEGG_BLADDER_CANCER","Y",0.0150313592195817,37,-0.0230710496121992,0.00829372099258127,-2.78174894391025,0.00541250858903818,0.0186430851400204
"KEGG_CHRONIC_MYELOID_LEUKEMIA","Y",0.024883012505492,68,-0.0311910078646965,0.00557357376177306,-5.59623128675954,2.22366525732016e-08,3.18155182970423e-07
"KEGG_ACUTE_MYELOID_LEUKEMIA","Y",0.0203123798434193,53,-0.0270763626745574,0.00666627101856028,-4.06169545150073,4.89312469144877e-05,0.000379217163587279
"KEGG_SMALL_CELL_LUNG_CANCER","Y",0.0287374708309553,80,-0.0275987181969224,0.00546004684403213,-5.0546669259968,4.3551947421133e-07,5.06291388770671e-06
"KEGG_NON_SMALL_CELL_LUNG_CANCER","Y",0.01993470394193,52,-0.0285362373560463,0.00663267302810828,-4.30237360338945,1.69900748495356e-05,0.000137397996609288
"KEGG_ASTHMA","Y",0.0102523009741045,24,0.0505368399671693,0.0209410790208351,2.41328729607907,0.0158196260130595,0.043917170722822
"KEGG_AUTOIMMUNE_THYROID_DISEASE","Y",0.0147272051867232,36,0.0287549662217504,0.0144724426347785,1.98687719463816,0.0469516762331946,0.102741315051461
"KEGG_SYSTEMIC_LUPUS_ERYTHEMATOSUS","Y",0.0360650212845361,103,0.0206440239757004,0.00791757167455673,2.60736812046051,0.00913191422804887,0.0297988780073174
"KEGG_ALLOGRAFT_REJECTION","Y",0.0126654084361048,30,0.0146893730224389,0.0138608454316496,1.05977467932061,0.289261841225936,0.411684292622353
"KEGG_GRAFT_VERSUS_HOST_DISEASE","Y",0.0137514370003498,33,0.0145780869623343,0.013195533552313,1.10477434690612,0.269272667526155,0.391286844998943
"KEGG_PRIMARY_IMMUNODEFICIENCY","Y",0.0123009446819739,29,0.0144199960095957,0.0140554448581384,1.02593664982764,0.304935719371794,0.420133657801138
"KEGG_HYPERTROPHIC_CARDIOMYOPATHY_HCM","Y",0.0285624734714348,78,-0.0159181905131611,0.00623083869831914,-2.55474283381067,0.0106350696950452,0.0335275078521764
"KEGG_ARRHYTHMOGENIC_RIGHT_VENTRICULAR_CARDIOMYOPATHY_ARVC","Y",0.0264284360735546,71,-0.0136206538656044,0.00668786974214735,-2.03662068651939,0.0417031877171032,0.0934553363298939
"KEGG_DILATED_CARDIOMYOPATHY","Y",0.0304477925053966,84,-0.013895319127626,0.00613770004341362,-2.26392932683914,0.023590729118993,0.0592956164342255
"KEGG_VIRAL_MYOCARDITIS","Y",0.0239736782487589,63,-0.00386967768200855,0.00790090937515768,-0.489776239451084,0.624298425677045,0.69951510346946
