miRNA,10,21,28,12,22,29,14, 22b,30,15,23,32,17,24,33,18,25,34,19,26, k104_1,20,27,35,41,50,58,36,43,51,59,37,44,52,61,38,45,53,66, 38b,46,54,69,39,47,55,71, 39b, 47b,56, k104_2,40,49,57,63,77,86,97,83,64,78,87,98,65,79,88,99,72,80,89,102,73,81,92,103,74,82,93, K104_3a,75,84,95, k104_3b,76,85,96
hsa-mir-9-5p ,1.8,4.3,5,2.5,1,0.7,4.1,0.6,0.7,2.3,0.6,1,3.5,0.6,3.8,1.3,0.8,3.9,3.1,1,0.8,1.2,3.1,1.3,0.9,0.2,1,0.3,0.4,0.4,0.2,0.6,0.6,1.1,3.5,0.5,0.6,1.3,0.5,1.1,1.3,0.6,3.1,3.5,0.8,9.4,0.6,1.9,0.2,1,0.7,0.5,2.1,4.4,3.1,0.9,0.9,0.7,0.6,0.7,0.4,4.8,1.4,0.1,0.7,1.2,1.2,1.2,0.6,1.9,1.1,9.2,0.8,1.2,2,0.9,0.6,0.5,1.5,2.1,0.3,0.9,0.5,0.7,0.4,0.6
hsa-mir-15a-5p ,2944.6,5433.7,2185.6,2836.8,3371.5,2798.9,4022,3393.6,3733.6,3071.4,3277.9,3786.9,3475,3529.5,5731.7,3495.3,2474.7,4945.2,3343.3,2879.5,3717.5,2870.7,2039.2,3362.8,2730.6,3666.7,2209.8,2466.9,3545.4,3820.5,3637.6,2981.2,2724.7,4170,3394.1,3042.3,2387.6,3963.7,2838.6,3006.3,4290,2833.5,4190.4,3338.4,3547.9,3473.7,3554.2,5290.9,4281.2,3390.4,4180.8,3272,3172.8,3003.9,2572.8,3402.2,2918,3802.4,4548.1,3169.1,2665.1,3400.5,3451.3,3389.2,3747.9,4383.5,2894.2,3367.5,3501.3,2711.6,3095.4,2512.8,4079.4,4996.8,5341,3423.4,2708,3754.6,5150.1,3401,2923.7,3953,4923.2,3349.1,3516.2,3409.8
hsa-mir-15b-5p ,1681.3,2505.7,1120.3,1346.7,1780.3,1832,1582.2,1643.7,1963.1,1543.9,1541.6,2170.9,1630.2,1922.6,2154.6,1785.9,1493,2963.7,1799.6,1304,2206,1962,1364.1,1938.2,2031.9,2327.9,1888.9,1423.2,1865.9,2569.5,2408,1688.8,1599.9,2396.4,2204.2,1924.6,1835.1,2014.1,2614.7,1958.4,1929.2,2001.3,2272.7,1934.9,2346.3,2261.9,2345.2,2232.3,1738,2642.3,2594.8,1615.6,1539.7,2214.3,1472.1,2154.7,2080.5,2465.8,3012.6,1792.5,2305.8,1927.7,2226.2,1617,2159.5,3085,1673.9,2003.7,2308.2,1679.5,1880.9,1541.7,2350.3,2344.7,2347.4,1922.6,1601,2424.9,3149.4,2129.9,2135.5,2449.5,3135.1,2344.7,2150.8,1727.6
hsa-mir-16-5p ,13051.8,33574.8,5205.7,9214.3,11633.2,4803.3,17566.6,6763.7,12419.3,9855.1,13744.7,12796.2,15400.9,18122.9,18105.3,14622.3,12092,30979.3,21415.6,11231.2,14073.3,10666.6,3232.5,6302.9,4194.9,12714.6,12269,7102.8,7779.2,14310.4,12898.7,6077.3,4782.7,11095.3,8662.7,6688.8,3910.2,10593.1,12080.7,6993.2,9021.8,6514.1,12224,5637.2,8081.3,8412,11311.2,8791.4,6853.6,11218.2,12240.8,7003,20295.7,11988.2,4792.4,8409.9,7788.9,8296.7,17940.8,15929.2,6891.2,7917.6,11270.9,18320.6,8475.3,16479.3,3932.1,6890,8987.6,6414.8,7828.8,4814.8,11478.6,9157.1,15083.9,5449.4,5825.1,7553.9,19457.4,10251.2,7563.4,9763.2,17061.8,8449.9,6856.4,7416
hsa-mir-20a-5p ,5180.7,8570.7,2910,3782.7,7297.1,3881.4,7601.9,4179.8,7301.7,6677.9,3980.9,6342.3,5544,5572.8,11501.2,5618.2,4892.1,5958.3,6508.4,4495,7064.2,6768,3117.9,4571.2,3675.9,5589.5,5689.3,3440.1,6231,5451,6538.6,4130.9,4297.1,5520.2,5201,5285.1,3574.8,4927.1,5666.9,4125,5917.8,4494.1,6724.3,3707.1,5030.8,5315.3,4965.8,6428.1,6284,3819.2,5256.7,4801.5,5066,5382.9,3522.4,4864,4679.6,4862.5,8170.1,6011.5,4458.1,3941,5367.4,5660.5,5481.9,6750.2,3719.1,5045,4903.7,3526.7,3852.5,3777.9,5515.1,6056.7,8751.1,3873.7,4272.3,4737.8,9349.5,4570.8,4595.1,5630.2,6448.2,4709.3,5868.3,6016.9
hsa-mir-20b-5p ,3265.4,5693.3,2143.6,3023,4661.6,2813.2,4752,3400.7,5949,4508,3009.7,4304,3415.9,4019.9,9148.2,3988.6,3933.7,3191.4,4661.2,3637,5120.1,4503.6,1952.4,4290.2,3753.4,4993.8,6433.6,3629.4,6089.8,5757.5,6154.5,4061.5,4055.3,4950.9,5277.3,4478.4,3354.3,4430.2,5071.9,4053,5462.9,3868.9,6890.8,3610.5,4544.1,4848.6,4945.5,5557.8,5520,4478.9,5573.3,4557.5,6465.6,4977.3,3107,3628.3,3567.1,3632.8,5932.6,5485.8,3499.2,3265.6,4258.4,4507.9,4103.8,5968.9,2887.5,3863.6,4159.3,2596.5,2977,2941.5,4583.2,4533,6608.6,2942.3,3815.6,4233,6090.7,3888.6,3975,4402.3,5738.3,3322.7,4032.5,4608.9
hsa-mir-21-5p ,7016.2,3407.3,3624.7,3977.9,3586.3,4752.5,5537,3339.1,3712.6,5520.8,3574.4,3656.6,7568.7,3701.3,6057.6,4477.3,3740.1,4867.9,4740.8,3740.1,4826.2,3960.2,3104.3,5954.7,3143.3,1883.3,1974.8,3520.8,5613.8,4056.1,3231,4045.7,4251.2,2910.4,1520.7,4303.3,3249.2,4179.4,1188.9,3383.2,4547.4,1870.2,3696.6,3660.5,4662.5,3527.6,1349.3,5062.1,3410.5,2468.8,3858.7,4998.5,3498.7,3879.5,4213.9,3706.8,4243.5,4548.6,4893.4,5013.8,4057.8,4140.4,5441.6,4777.7,4290.4,5050,3640.7,3678.8,4489.2,3471.2,3693.6,3512.5,3877.4,5897.6,5402.9,3868.2,3800.9,4209.2,3573.2,2813.6,3876.8,4532.8,4324.1,2012.4,3615.5,3746.1
hsa-mir-23a-3p ,5506,6832.2,3152.7,5731.8,4918.4,4498.5,7452.3,3734.8,6239.2,6280,7092.9,6497.5,8073.4,8411,7080.6,6742.9,6077.9,9163.1,8079.9,5849,7990,6141.4,3073.8,5350.4,3661.7,4106.4,2717.1,3050.3,5477.2,8191,3536.3,4529.5,4128.8,5816.1,5203,5666.6,3496.1,8111.5,6519,4394,6566,3614.6,7565,3576.2,4835.7,2700.2,3722.9,4703,3040.5,4688.5,7324.3,4910.7,4283.1,7104.5,4361,4235.4,4649.9,5038,6905.2,7364.2,3451.2,5090.9,6393.7,5829.7,4970.2,8649.7,3691.1,5644.6,5784.9,4906.6,4408.4,3681.7,6961.4,5618.4,7276.5,4509.5,4989.9,6165.7,9187,4839.3,5320.2,6852.1,7031.3,4494,5230.8,4999.2
hsa-mir-23b-3p ,4063,4793.4,2366.3,4099.9,3708.6,3411.1,4452.8,3092.6,4647.5,4879.3,5330.3,4814.7,6044.9,6423.9,5542.6,5022.1,4720.2,6045.4,5561.5,4669.1,6020.3,4059.9,2646.1,4800.4,3526,3586.8,2462.8,2602.6,5022.9,6536.9,3108,3915.2,3688.5,5128.8,4659.3,4798.2,3011,7075.5,5659.9,3624.2,5568.1,3122,6400.8,2888.2,3954.8,2347.8,2980.9,3859.5,2673.2,3922.1,6688.1,4070.6,3771.4,6184.3,3418.8,3419.2,3666,4194.8,5389.1,5642.6,2929.9,3824.4,5158.5,4790,4001.2,6580.8,3308.6,4425.3,4683.8,3897.1,3307.4,3161.2,5715.7,4387.8,5594.3,3272.4,4097.8,5137.5,6996.4,4131.5,4139.4,5706.8,6152.6,3313.6,3777.4,4162.6
hsa-mir-29a-3p ,4210.3,3555.7,1660,3604.8,2621.1,2238.4,4226.9,1491,3460,3360.3,2559.5,2991.4,7331.1,2698.3,4795.2,3021.2,3205.2,4244.9,5623.5,2976.2,3843.2,2362.6,1738.6,3532.1,3407,1585.8,1408.6,1806.9,3123.7,3024.1,1880,2788,2637.3,2590.8,2215.8,3325,2342.5,3911.8,1726.5,1571.8,3814.9,1365.2,2601.5,2406.5,2711.7,958.3,1430.8,3134,2267,2068.1,3181.1,2494.6,2079.5,2295.8,2283.3,1897.1,1980.7,2807.5,3371.8,2986.5,1726.8,2843.3,3043,2035.2,1966.4,3425.6,1605.5,2822,2574.7,1881.5,1904.7,1902.2,2960.4,3327.9,3979,2276.9,1565.5,2973.4,5260.4,1675.9,2009.6,3696.1,4024.7,1693.4,2006.3,3069.5
hsa-mir-29c-3p ,3152,2492,1181.2,2603.1,2203.7,1702.2,3147.6,1314,2324.6,2635.1,1515.3,1818.6,4211.6,1652.5,4298.9,2221.6,2178.8,2539.2,3184.7,2261.9,2779.1,2020.9,1386.9,2952.6,2204.4,1431,1249.3,1563.1,2801,2641.5,1634.3,2184.3,2564.5,2382.6,1819.1,2435.8,1858.5,3344.4,1459.8,1443.5,2725.1,1216,2257.3,1974,2326.3,1087.2,1165,2433.5,2110.5,1691.5,3061.6,2022.3,1895.5,1974.8,2199,1900.8,1655.4,2612.6,2420.9,2373.2,1780.5,2086.4,2262.9,1794.6,1594.8,2327.9,1355.3,2087.2,1852.9,1623.9,1434.5,1542.1,2182.7,2631,3218.4,1755.2,1269.8,2634.4,3176.2,1514.6,1716.4,2683.5,3334.4,978,1690.5,2636.6
hsa-mir-30d-5p ,855,595.6,250.5,390.3,670.2,289.7,655.3,445.6,689.6,607.1,407.2,793.3,979.5,512.2,925.9,539.2,537.1,561.9,729.4,489.3,833,742.3,464.9,424.6,613.6,334.4,210.9,181,433.5,394.5,167.9,417.8,304.7,334.3,378.6,572.4,328.3,245.3,509.4,401.4,549.3,196.6,339.9,226.9,604.7,216,233.9,574.5,467.8,236,309.5,371.2,282.8,243.9,172.1,392.6,196.9,459,353.5,238.4,256.2,263.3,485.5,289,265.8,537.3,347.7,312.8,329.5,494.8,331.6,221.1,468.3,634.3,921.4,391.8,331.6,396.1,1024.5,179,246.7,509.9,663.5,395.1,425.4,697.7
hsa-mir-31-3p ,2.2,7.6,1.2,1,1.1,0.8,4.4,1,7.4,5.4,3.5,3.9,3.3,9.8,1.5,5,0.9,9,2.5,5.1,1.1,1,0.5,1.4,0.8,2.6,1.1,1,1.3,2.2,1.1,0.7,0.8,4.7,0.6,0.9,0.8,1.4,0.9,1.7,1.3,0.9,0.4,4,1,0.9,0.7,3.3,1.3,0.4,20.3,0.8,1.2,11.3,1,1.5,1,0.9,1.4,3.5,1.4,1.5,3.8,1.8,2.4,1.6,0.7,2.7,3,4.3,1.5,0.9,2.1,1.8,1,1.5,0.9,3.8,1.5,0.4,2.8,1.1,8.8,1.6,1.3,2.3
hsa-mir-31-5p ,7.6,0.5,2.3,0.8,16.9,0.9,5.7,0.4,13.3,6.2,0.5,1.6,10.4,0.3,1,10.8,0.9,21.2,21.4,1.1,13.6,0.6,2.2,1.5,1.5,3,1.5,7.9,4.3,1.2,0.9,0.6,21.1,1.7,0.3,6.1,0.8,31.9,0.9,0.7,0.8,23.1,0.4,0.7,0.9,0.2,8.4,1.9,0.6,0.6,0.6,0.3,0.1,10.5,1.8,2.2,1.4,3.8,11.6,2.5,8.4,1,1.1,0.4,7.1,3,0.8,7.6,9.2,3.9,2.1,5.8,4.1,3.8,2,16.5,5.4,1.4,11.8,1.1,3.4,9.1,9.3,9.1,8.5,4.3
hsa-mir-33a-5p ,138.2,110.6,145.3,68.3,92.4,215,137.4,60.5,80.5,81,100.5,51.5,130.3,166.5,120.7,88.5,124.2,44.3,95.3,67.8,110.9,138.3,238.5,64.9,176.3,30.1,166,37.5,68.3,151.1,53,131.4,74.3,29.3,26.4,162.9,120,170.9,130.5,90.5,85.5,101.5,125.8,39.6,65.1,57.7,52.2,63.3,22,152.6,110,142,63.8,250.6,145.6,66.3,110.9,88.8,96,78.6,114.2,218.3,209.6,126.8,168.8,206.2,169.9,362.2,225.7,227.6,155.7,110.2,153.9,129,85.9,300.8,162.6,115.4,170.5,163.6,203,151.9,173.2,73.4,230.5,154.7
hsa-mir-34a-3p ,3,10,2.5,2,9.7,4.5,12.2,1,1.4,5.5,2.2,11.5,18.8,1.9,7.1,8,1.3,6,4.6,2.1,1.2,5.5,3,10.8,5.4,3.9,2,1,2.3,15.7,1.6,2,1.4,2.3,1.1,2.1,2,2.5,1.5,2.7,2,1.4,1.6,1.5,1.1,1.4,1.3,11.9,2.2,1,1,1.5,2.5,2.2,2.6,2.3,1.8,3.8,1.2,7.1,4.3,1.5,1.6,2.9,2.7,3,7.6,2.2,2.2,4,8.5,2.5,10.8,2.6,8.1,1.2,1.6,6.6,3.4,1.4,1.5,2.2,1.2,2.5,3.4,2.8
hsa-mir-34a-5p ,290.4,114.5,82.8,166.5,80.5,169.9,364.1,12.1,152.1,127.6,272.4,233,1060.5,281.1,179,249.3,74.2,441.9,493.2,351.9,73.6,75.4,85.1,176.8,389.7,165.4,3,104.9,120.5,517.7,101.1,125.2,55.3,147.1,61.4,109.4,79.6,340.4,69.9,117.6,246,88.2,267.6,128.6,88.2,57,126.3,203.4,50.7,206.1,160.7,96.1,70.3,107,62.5,94.9,88.7,137.7,295.1,96,75.6,138.3,159.6,238.1,57.9,180.5,91.7,82.8,117.5,83.8,85.5,192.2,139.4,154.5,219.5,44,117.7,83.7,126.1,57,34.9,167,158.3,91.2,57.9,69.7
hsa-mir-93-5p ,4883.3,11848.5,3553.2,5504.1,7261.8,4090.7,11897.6,4339.8,8273.6,7236.1,5071.9,8333.7,6074.9,5394.6,13813.3,6682.1,5053,6261.6,10116,5573.5,7243.2,8602.4,3232.2,5366,4197.9,5421.7,8412.2,4809.1,7182.9,7273,7316.3,4953.9,4276.3,5915.5,7313.3,5275.3,3706.9,4987.6,6170.7,5883.9,7793.9,4440.4,8559.1,4773.5,5329.2,4671.6,6560.7,7677.8,6781,5317.7,6348.9,5925.2,8344,6227,3927,4436.8,4212.4,3939,6825,5981.2,4029.4,3922.7,4426.9,5226.1,5340.9,6410.1,3066,5251.6,4324,2829.4,3819.4,3822.4,4891.4,5271.1,9357.9,4369.9,4571.4,4700.9,6787.4,4381.5,4971,5280.9,6901,5039.9,5751.6,5460.3
hsa-mir-101-3p ,2.3,0.9,1,7.1,3.4,4.2,4.3,5.4,3.4,5.5,0.5,1,4.7,1.3,14.4,4.5,3.3,1,3.7,5.7,4.2,2.1,2.5,1.6,3,0.1,0.1,2.4,14.2,1.8,0.5,5.5,10.7,2.3,4.5,1.7,9.8,4.3,4.8,1.5,15.5,3.2,3.3,5.7,6.6,2.8,2.4,3.6,19.3,0.1,4.3,3.3,6.5,1.9,8.4,3.2,0.9,9.2,5.7,0.2,1.6,1.9,2.2,3.5,7.7,5.5,2,1,1.5,2.9,0.3,2,3.6,4.4,1.5,3.1,3.3,4.5,4.6,1.8,0.8,1.7,1.3,2.5,3.5,6
hsa-mir-124-3p ,5.3,5.3,2,0.5,1.4,0.7,3.7,3,0.7,2.4,4.1,1.3,2,1.2,1,1.8,0.9,9.5,1.8,0.6,7.8,0.6,0.7,1.1,0.9,1.8,1.3,0.3,1,0.8,0.9,0.6,0.6,1.2,0.6,7.2,2.3,0.8,1.5,1.5,1.4,0.8,0.3,0.6,0.7,0.4,1,3.2,1.2,0.8,0.5,0.6,0.6,1,0.3,0.8,0.3,0.3,0.4,0.7,0.7,31.6,1.8,7,1.4,2.8,0.4,0.8,2.2,0.3,0.4,2.3,1,0.5,0.5,1.5,0.9,0.6,1.8,0.7,0.5,0.6,0.1,1,0.7,1.4
hsa-mir-132-3p ,109.1,75.6,34.5,61.9,61.4,76.3,162.8,41.6,100.2,114.6,72.9,92.1,121.6,57,120.9,100,75.6,72,114.6,58.3,116,140.5,67.9,177.6,66.4,80,50.3,24.7,158.3,94.5,95.8,61.5,80.8,51.6,51.7,64,66.1,91.4,44.5,98.8,83.5,44.4,55.6,45.3,61.1,24.8,51.6,105,64.1,47.7,21.1,72.4,89.3,20.4,68.2,48.2,36.6,62.5,58.9,22.9,54.2,57.7,86.5,44.7,54,72.3,80.7,72.1,66.6,53.1,58.3,29.6,77.3,99.3,96.3,69.8,41.5,112.3,120.1,43,63.5,110,123.6,98,75.7,77.1
hsa-mir-137 ,2.6,1.5,0.9,0.7,2.2,1,8.6,0.6,1.1,0.7,0.8,2.2,3.5,1,1.4,3.6,0.5,0.7,2.9,0.8,0.9,3.3,1,2.9,2.3,2.8,2.4,3.1,2.9,2.3,0.4,1.8,2.2,2,0.7,2,1,0.7,0.1,2.8,2.2,1.4,1,2.3,3.7,1.4,0.8,5.1,3.2,1.1,0.7,2.1,9,3,0.5,0.6,0.3,0.6,0.1,2.8,1.3,0.7,0.8,0.3,1.7,2.4,0.6,1.6,1.7,0.5,0.3,0.9,3.1,1.9,2.6,0.9,1,0.6,2.8,1.3,0.6,0.7,0.2,1.7,1.3,1.1
hsa-mir-142-3p ,622.2,388.9,853.6,453.6,504.4,930.7,468.6,396.8,346.5,387.4,400.6,550.6,509.6,548.6,449.8,499.4,714.8,697.2,647.6,433.3,525.7,291.2,1249.6,397,246,233,167.2,225,239.6,387.3,158.7,278.5,320.2,279.6,132.7,208.3,213.7,518.7,140.3,237.5,108.9,253.7,151.5,247.9,206.7,233.1,83.7,216.9,191,165.2,299.4,307.3,52.4,337.8,525.4,298.7,361,472.6,316.4,188.9,380.8,407.8,367.6,299.6,381.7,377.6,445.7,493.7,348.4,559.3,322.2,516.1,276.2,343.2,225.6,539.2,307.4,219.9,146.2,272.9,345.1,281.8,238.6,150.9,343,114
hsa-mir-142-5p ,644.4,287.3,482.9,744.8,553.1,726.1,577.1,355.8,450.6,431.2,369.6,252.4,649.4,218.2,556.1,501.7,420.1,308.1,469.8,281.6,466.6,422.2,506.5,947.1,575.7,497.3,641.4,572.4,930.7,1001.7,352.9,670,985.6,316.3,363.8,640.2,659.5,816.9,260.8,565.1,514.6,356.5,540.7,624.6,441.8,609.8,247.4,636.8,713.7,169.4,650.5,769,515.8,454.7,741.8,389.4,476.5,609.8,626,340,432.4,455.2,505.1,417,592.4,500.9,354.4,658,469.3,487.7,338.7,682.2,382.8,588.7,278.7,528.4,384.9,398.4,442.1,338.4,316.3,415.1,345.3,137.5,367.8,523.6
hsa-mir-145-5p ,581.1,933.8,280.1,522.7,638.7,591.3,827.3,409,1048.2,806,643,738.2,613.7,2483.1,599,642.3,500.5,773.8,614.3,536.1,585.3,612.1,612.5,290.7,189.7,296.2,382.2,336.1,431.7,388.1,269.5,230.2,285.6,1089.3,360.6,406,191.6,1311.3,463.6,267.3,460.3,570.6,1449.1,325.5,253,73.6,212.6,392.2,120,541.5,808.3,313.9,187.1,833.9,798,196.5,250.2,385.4,739.7,528.2,565.6,441.7,414.8,399,290.6,734.3,385.5,543.6,411.3,897.7,537.5,776.8,984.5,559.6,594.1,393.3,642,252,712.6,379.4,269.6,859.1,502.1,277.6,702.9,1038.7
hsa-mir-146b-5p ,1091.5,455.1,689.9,1031.4,359.7,1135.7,884,759.5,458.9,887.6,627.9,562.5,681.9,616.8,664.5,757.2,680.9,659.6,863.2,661.3,1006.4,743.1,903.8,1243.1,2127.6,753.5,1113.2,1182.7,1183.6,2135.8,1007.6,1137.4,1641.6,1274.9,874.8,1028,780.8,1725.6,667.1,855.7,957.6,649.3,942.4,1135,847.2,781.1,483.2,778.1,852.9,500,1448.6,1184.2,969.4,1452,1299.1,608.3,760,869.3,678.8,1093.8,945.9,569.9,534.6,1343.6,1316.3,736.3,720.5,1023.2,688.6,930.8,422,881.9,757.8,846.8,444.7,852.3,1209.8,550.3,784.5,421.1,568.9,722.4,863.3,270.9,826.9,500.6
hsa-mir-148a-3p ,2138.3,1652.4,1507.2,1333,1260.6,1467.6,2067.8,855.6,1563.5,1815.2,1145.1,1955.9,8033.3,795.7,1542.4,1824.3,1075.5,1326.6,2118.2,1249.6,1408.2,2071.7,1645,1750.3,1889.1,649.9,746.2,1183.1,1348.8,1846.7,809.8,1596.3,1081.3,808.9,760.9,1548.7,1423.1,1502.7,644.4,1142.6,2510.8,566.4,1012.6,1510.4,1502.7,760.5,571.7,2609.3,1047.8,555.5,1229.5,1004.7,645.2,1192.6,975.7,873.6,1049.1,1774.4,1640.3,1375.6,963.5,1318.2,1194.7,948.9,692.5,2146.4,1223.9,1148.6,1110.5,978.1,1558.6,740.3,1388.7,1499.9,2174.7,999.7,1449,1451.8,1272.2,844.7,641.2,1618.7,947.4,1049.8,1101.3,1475.9
hsa-mir-150-5p ,1138.7,906.9,58.2,745.5,541.7,208.5,1375.9,496.1,1423,812.9,376.4,1467.9,913.9,548.2,1054.9,1351.1,1086.7,2447.3,3040.8,740.3,2012.2,331.5,342.3,1054.5,360.9,1230.5,674.7,321,742.2,1294.4,736.8,450.8,1046.8,737.3,860.1,1087.7,807.6,2212.6,896.3,471.1,1049.1,656.6,1035.1,727.8,365.5,208.6,293,644,412.8,1288.8,1355.7,590,155.8,1403.8,471.2,1263.9,231.4,852.6,960.1,378.8,901.1,558.3,354.4,1050.4,584.2,908.6,181.9,1001,741.8,679.4,352.8,311.6,654.9,759.7,806.7,1043.3,247.4,1002.3,2226.7,357.4,352.5,582.7,1523.1,950.9,376.4,1510.1
hsa-mir-155-5p ,57.5,45.7,48.1,12.1,44,95.5,99.1,17.1,70,30.4,22.6,53.1,54,41.4,42.4,61.4,78.1,91.5,170.5,36.7,142.4,28.6,65.2,27.7,19.3,58.8,1.7,47.9,52.4,63.9,99.9,70.2,44.9,37.4,27.2,42.1,31.4,71.2,1.1,36.3,58.4,68.2,32.7,38.6,10.2,32.4,5.9,44.3,25.8,78.2,43.1,23.7,35.9,50.3,48.3,73.9,31.7,49.7,55.2,97.6,68.3,64.5,29.4,22,33.5,52.2,60.9,76.2,48.4,69.8,59.7,57.8,51.6,52.4,18.1,43.9,52.9,58,40.7,42.6,32.2,52.9,46.5,38.2,62.9,51
hsa-mir-182-5p ,10.8,22.1,4,16.5,31.3,9.3,86.2,4.2,36.8,29.5,0.1,52.1,5.8,11.5,61.5,22.1,7.9,0.1,17.1,24.4,27.6,11.6,11.8,39.7,0.8,14.8,1,13.2,38.9,32.2,30.9,10.2,0.2,19.3,0.1,55.8,5.3,0.4,31.3,20.8,0.3,48.1,50.7,7,33.4,8.8,32.8,0.5,13.7,42,19.4,20.2,0.1,5.7,18.5,39.7,5.7,17.3,44.6,0.8,14,46.5,18.5,25.5,55.9,70,3.3,16.1,18.8,11.6,22.6,5.9,43,32.6,37.1,16.4,10.5,0.6,8,62.5,38.6,19.3,11.5,131.8,28,98.1
hsa-mir-185-5p ,5296.1,7717,3916,3957.2,6101.3,4290.4,11123.9,3800.1,8481.5,6097,5366.7,6362.6,5480.6,6687.8,12379.2,5471.6,4448.9,5673.3,8492.1,8986.3,7109,7698.3,3235,3777.1,3480.2,5868,7384.1,4348.9,6899.6,7507.5,7183.6,5136.1,4063.8,6877.2,8453.3,5898.6,3328.3,6500.2,7236,5312.1,6180.9,5038.3,10447.2,4462.4,4808.8,4455.2,8068.3,7138.9,6453.8,5983.5,7816.2,5609.3,7637.7,6467.1,4256.1,4650.6,4265,4473.7,6384.5,13381.7,4184.5,4833.6,4741.8,6722.2,5192.7,6864.1,3569.1,6119.1,4828.2,4061,3071.4,4142.3,6224.6,5387.1,11518.2,4314.8,5823.8,4080.8,7776.9,4594.5,5232,5673.1,5599.7,4647.5,6364.1,4787.8
hsa-mir-192-5p ,1046.7,722.1,171.1,459.5,451.5,152,1046.8,238.5,661.3,521.2,403.6,1096.5,5395.9,195.1,523.9,601.7,504.7,306.7,1165.2,256.2,878.5,192.8,153.4,605.2,686.9,287.2,177.2,256.8,497.2,2103.3,268.8,1018.4,213.1,460.8,357.1,375.1,199.5,706.9,535.1,206.1,773.7,296.2,912.8,552.7,729.3,88.6,386,1349.6,534.4,547.9,1021,300.5,68.8,323.7,209.7,348.6,173.5,354,892.8,500,144.9,300.9,171.7,286.1,174,363.7,114.7,274.8,237.9,168.1,184.5,124.1,595.7,396.4,580.7,270.6,139.2,313.3,945.6,220.8,145,258.2,570.1,427.3,177.2,498.4
hsa-mir-193b-3p ,224.4,261.3,60.6,112.2,57.5,31.6,344.1,21.6,137,118.4,41,251.2,1831,80.4,76.7,244.1,88.7,139.5,275.1,131.1,107.1,56.7,18.6,202.7,362.5,119.9,0.1,31.2,117.8,415,12.6,245.6,44.2,27.6,0.3,86.9,29.2,162,72.6,14,175.6,59,206.7,81.4,27.8,0.1,79,303.1,15.8,201.9,169.3,58.7,0.1,187.3,58.4,56.7,17.8,52.9,143.6,6.7,6.2,94.3,34.6,11.7,31.2,117.8,24.6,51,64,67.2,76.4,37.7,174.9,92.5,129.8,30.4,40.1,68.7,170.8,20.6,31.6,129.1,66,57.3,44.1,113.8
hsa-mir-193b-5p ,139.8,46.8,182.9,32.2,4.5,7.8,85.6,18.5,10.3,31.9,45.4,55.3,620.5,93.2,11.2,24.1,50.7,0.1,103.7,54.7,40,10.6,12.7,61.5,205.2,180.9,70,89.9,90.5,682.6,0.8,118.9,43.8,225.4,77.7,84.3,26.9,44.1,4.7,40.1,129.5,73.3,178.1,84,22.9,29.3,28.2,106.2,19.7,91.7,18.6,25,4,59.9,12,31.5,26.3,28.9,127.5,132.7,42.1,18.3,13.5,69.5,36.4,70.3,18.8,43.2,32.8,7,3,12.5,68.8,28.1,90.1,7.1,25.9,36.5,83.2,12.1,22.5,15.6,52.6,34.6,10.3,23.7
hsa-mir-197-3p ,407.8,413.1,391.2,373.2,363.3,818.9,639.2,275.7,661.4,505.6,456.6,871.1,787.5,697.2,554.7,511.6,355.1,674.7,704.1,277.1,600.7,595.3,884.6,386.9,539.1,193,158.7,341.2,264.9,492.2,390.9,450.8,232,285,513.7,442.5,293.3,458,209.4,263.5,430.2,265.7,425.4,402,416.3,248.4,226.6,411.6,213.7,370.6,665.8,405.6,393.6,610.6,795.6,215.9,351.7,358.8,507.7,381.9,439.2,593.1,455,443.4,350.7,721.5,491.7,1130.9,614.6,429,554.3,373.9,422.5,453.9,343.9,889.9,655,444.8,600.5,420.8,369.9,679.9,475.9,356.3,466.3,388.5
hsa-mir-199a-3p ,1645.4,1662.8,1285.3,1081.8,1170.5,2719.4,1412.4,1343.3,1724.8,1435.4,1572.4,1363.8,1545.5,1085.6,1195.6,1721.5,1550.2,1944,1506.5,1348.8,2311.9,2562.7,2214.6,1721.7,1983.1,610.3,1088.9,1748.8,1855.1,1279.8,839.1,1921,2271.7,671.8,1715.6,2480.9,2281.5,1735.7,981.8,1976.2,1595.5,1140.3,878.9,1497.2,2042.9,1723.7,791.9,2872.3,880.9,1760.3,1469.2,2959,1714.3,1968.8,1282.6,1285.8,1744.4,1335.7,1797.9,1297.8,992,1737.8,2236.2,450.2,1344.6,2162.6,2032,2719.2,1998.8,1729.8,2135.8,1768.3,1535.2,2081.6,1406.8,2278,1713.1,2012.9,2546,1265.1,2076.9,1897.5,2177.9,1019.9,1597.2,1607.3
hsa-mir-199a-5p ,366.3,526.3,461,372.8,514.1,939.4,489,458.9,623.6,338.2,626.4,445.8,556.3,606.9,327.3,305.9,568.5,556.8,714.8,351,690.9,1037,1049.9,700.6,1012.7,313,932.7,873.5,698.8,884.5,529.8,635.3,939,328.8,786,900.3,821.1,840.5,273.7,874,682.3,511.1,424.7,689.5,610.9,900.2,331.8,698.5,464.4,691.5,736.3,1612,649.1,946.5,752.7,341.2,550.8,337.3,645.1,523.4,456.7,725.7,630.8,170.1,530.2,704.9,898.9,1332.5,643.3,435.2,518.9,653.8,576.9,472,452,1118.9,940.5,550.4,599.2,400.9,650.6,464.9,464.5,274.5,502.2,394
hsa-mir-200c-3p ,37.5,8.6,39.5,12.6,8.3,32.5,17.8,2.2,7.4,30.3,33,4.4,36.2,3.2,16.2,13.8,20,17.9,6.5,8.4,33.2,13.7,42.9,22.9,14,18.9,41.7,45.9,27.8,32.1,26,8.8,32.3,19.4,0.5,30.4,37.4,15.6,11.6,28,1.1,4.3,39.9,28.1,0.8,14.3,0.3,18.2,40.4,31.3,25.9,25.1,7.1,42.4,12.7,9.2,10.4,5.5,19,51.4,11.1,11.1,15.1,25.6,10.6,29.7,21.8,31.2,26.5,30.4,31.4,22.7,27.9,32.6,13.5,19.1,4.4,46.1,57.1,14.9,10.8,15,38.6,13,18.7,29.6
hsa-mir-203a-3p ,4.3,0.1,0.3,4.1,0.8,0.3,3.9,0.3,1.8,4.2,4.6,0.3,20.4,0.1,0.1,2.9,0.1,0.1,0.1,0.3,10.7,1.1,0.3,10.7,14.7,7.2,4.8,23,9.3,35.9,0.3,7.3,15.1,17.2,0.6,7.9,5.8,0.3,0.3,4.2,9,0.8,0.3,6.9,13.1,1.8,6.2,29.2,31.4,14.5,33.8,25.2,69.5,0.3,0.3,0.8,0.3,0.3,0.3,18.9,2.5,10.1,0.3,13.5,4.1,1,0.3,3.3,11.8,0.3,0.3,0.3,0.3,0.3,0.1,0.3,0.3,0.3,5.1,0.3,0.3,0.7,9.4,0.3,2.7,0.3
hsa-mir-204-5p ,4.4,6,5.1,1.2,4.1,4.8,38.8,3.4,13.5,3.2,6.2,17.4,21.5,9.6,23.5,11.3,6.4,8.4,5.2,180,26.2,8.6,13.8,33.3,648,2,0.8,1,11.8,2.3,0.4,1,0.9,0.9,8.9,12.1,8.4,17.6,14,1.5,33.4,1.5,0.6,0.5,1.3,0.6,8.2,2.9,0.9,8,18.6,1.5,1.5,12.2,6.7,4.7,15.2,3.6,8.6,4.3,1.1,7.4,2.6,1.7,6.6,2.8,2.6,7.9,5.5,2.8,29.3,3.2,17.5,39,6.9,8.3,10.4,1.6,5.9,1.7,0.9,13.2,13.2,1.3,10,1.8
hsa-mir-205-5p ,142.5,75.7,1.3,235.8,39.8,79.1,69,23.7,117.3,126.9,130.2,722.3,239.3,66.1,44.4,78.5,55.2,117.3,190.4,65,164,38.9,9.4,67.4,15.4,17.6,4.7,10.8,107.8,31.7,116.6,80.3,50.2,134.7,92.9,87,26.1,174.6,228.9,69.1,79,40.8,807.8,47,73.1,0.1,83.2,57.7,11.2,37,215.4,76.3,106.4,282.6,15.5,88.7,35.8,43.3,32.4,430.1,29,77.1,46,48.9,18.9,99.1,19.5,56,445.1,76.6,6.4,36.6,135.6,86.5,38.2,36.4,7.4,48.1,313,33.1,41.8,56.2,196,69.3,44,56.3
hsa-mir-210-3p ,91.6,231.1,267.8,110.2,128,131.1,288.6,131.1,322.6,192.8,99.9,128,547.4,481,359.3,142.3,157.2,185.3,579.8,870.2,88.9,240.1,211.8,72.4,325.5,145,442.2,166.8,231.3,548.4,408.1,199.3,135,536.5,451.1,204.5,69.1,215.9,291.5,154.1,190.8,142.2,581.9,118.8,133.4,421.9,194.7,122.9,208.4,212.8,126.2,18,116.4,427.7,105.5,212.6,110.4,77.9,254.9,380.8,252.5,355.4,186.3,163.2,160.7,130.5,228.2,322.2,113.9,129.3,84.9,86.2,342.3,183.5,468.6,215.3,565.4,85.8,189.6,107.8,180.2,199.7,95.7,139.3,233.5,195.2
hsa-mir-211-5p ,4.1,7,3.4,1.8,4.1,6.4,35.9,3,16.9,3.1,7.9,21.3,18.5,8.7,17.8,8.1,10.6,11.6,10.4,339.9,18.6,7.4,12.3,65.9,1091.7,2.5,1.1,1.2,11.2,1.5,0.7,1.4,1.7,1.5,10.6,9.8,7.2,20.9,11.2,2.3,61.9,3.7,1.8,1.6,1.8,1,16.9,4.4,0.6,8.8,13.4,2,0.5,12.4,7.7,4.2,25,8.4,17,2.3,1.4,8.7,4.8,3.6,5.1,4.3,2.8,7.2,7.9,3.4,54.9,2.7,15.6,72.2,10.4,8.5,14.7,1.2,6.9,2.2,1.3,24.7,9.4,2.2,11.3,2.5
hsa-mir-214-3p ,115,82.4,10.4,60.6,105.4,36.3,45.2,77.5,190.9,137.1,163.9,128.8,152.9,223.2,73.2,146.6,56.8,143.4,145.5,92.8,175.4,60.7,24.7,164.9,48.9,75.2,48.6,16.9,315.7,47.8,62.4,113.3,47.1,180.8,59.2,126.3,58,255.8,38.6,63.7,285.5,62.6,180.9,30.5,160.9,41.8,44.2,102.2,49.4,140.8,72.1,73.7,28.9,93.6,50.3,35.8,66.6,115.9,97.3,194.9,30.6,109.2,71.4,38.8,49.3,70.8,33.6,52.8,79.9,78.6,57.8,41.9,102,137,102,45.3,31.1,60.4,334.8,58.1,74.4,154.2,69.7,47.4,102.6,120
hsa-mir-221-3p ,3580.4,4206.2,3528,2926.2,2781.9,4208.5,3238.1,2249.2,3655.8,3100.9,4098.3,3974.6,3888.9,5483.5,3108.7,3506.4,4538.6,6734.6,4502.2,3797.5,4384.3,4363,3120,2595.3,2393.7,2091.5,2601.8,2467.8,3150.9,4151.9,3488.8,2776.4,2903.9,4051.5,4204.5,3849.2,2205.7,4811.2,3885.5,2950.4,3118.1,3236.9,4964.8,2554.1,3375.5,2509.5,2268.9,2352.1,2071.1,4016.6,4564.4,3330,2283.3,8198.5,4517.1,2898.6,3635.5,3135.6,5746.5,5409.9,3774.1,4012.4,4912.6,4975.4,4036.6,6836.4,3157,6018.9,4309.7,4196.6,2745.9,3965.2,4897.5,4029.1,3383.1,5000,4902.4,3784.2,5015.4,3319,4147.9,5356.8,3345.5,3045.8,4024.2,3535.6
hsa-mir-222-3p ,891.6,768.8,441.3,626.2,633.7,998.4,1170.9,468.3,1156.9,1147.2,868.5,1270.2,980.4,1013.6,946.1,1085.6,1068.3,1557.8,1957.9,1358,1210.1,740,720.2,616.8,1156.8,409.7,266.6,483.1,782.8,868.1,506.2,578.8,705.4,821.6,802.2,950.5,502.9,1014.5,727.5,683.5,1192.7,535.3,1432.1,544.2,925.5,229,370.5,536.5,687.6,624.2,1008.8,692.7,500.9,888.7,808.2,1338.6,799.6,957.7,1402.8,1223.2,891.2,846.5,820.1,1443.9,684.1,1375.6,767.8,1101.6,886.6,1053.9,674.9,888.4,1065.4,1495.2,1597.3,992.5,1297.1,1102.4,1620.4,660.5,875.1,1398.6,1184.6,792.6,879.3,1099.7
hsa-mir-301a-3p ,131.5,139.1,161.7,125.3,211.9,274,223.9,182.7,149.8,221.7,157.8,99.9,138.1,127.2,153,183.1,57.6,150.3,178.8,108.9,278,193.8,327.4,174.2,203.7,96.6,112.3,134.6,218.6,150,140.3,178.5,206.2,149.3,234.9,138.9,312.4,251.2,226.4,252.1,132.4,202.6,168.2,182.8,170.2,109.1,120.3,356.2,283,205.8,96.2,490.1,192.3,201.6,198.7,148.4,138.5,133.1,237.5,146.8,121.1,129.6,208.3,47.9,203,148.2,169.6,326.6,200.6,158.5,159.2,204.3,120.8,195.1,122,232.9,152.8,168.2,244.8,133,127.8,143.7,83.2,84.8,236.9,164
hsa-mir-338-3p ,88.8,120,131.9,129.1,60.6,125.2,162.1,53.3,70.4,115.6,84.1,77.7,174.6,49.4,79.3,126.4,99.3,91.7,112,121,72.4,109.2,115.6,140.2,84,147.1,100.9,93.4,141.3,174.3,201.9,145,106.7,174.3,84.8,107.4,34.5,244.3,63.1,143.8,109.2,112.5,123.5,69.2,120.7,108.5,98.6,109.8,86.7,120.4,144.7,54,9.3,362.3,235.2,84,78.7,92.6,130.6,325,171.8,192.5,136.2,143.9,123.1,128.5,81.5,362.7,153.9,144.3,83.5,127.9,149.3,97.1,120.4,171.1,157.6,120.4,70.9,100.1,59.4,130.2,59.1,50.6,178.4,174.6
hsa-mir-342-3p ,883.5,563.3,459.4,725.6,516.1,565.4,1211.4,246.4,978.5,777.9,374.5,1583.4,989.8,687.9,610.4,1005.6,657.8,1574.7,2120.9,454.6,1458.1,420.8,405.6,804.6,381.5,530.2,370.6,111.3,609.8,567.9,273,633.9,870.8,516.9,458.2,620.8,483.6,1129.2,547.6,309.8,1438.1,372.7,590.9,619.3,567.9,100.5,415.8,333.9,446.3,486.4,884.6,677.7,283.6,918.5,817,770.3,296.1,608.8,702.2,529.6,491.6,1201.5,706.7,798.5,453.5,788.9,427,896.4,856.6,687.2,463.6,372,673.3,759.8,503.6,909.2,403.1,928.2,1918,351.6,556.8,876.4,1072.5,657.4,884.5,763.9
hsa-mir-374b-3p ,2.1,1.1,1.5,0.6,1.4,0.3,6.3,0.2,0.6,0.6,0.1,0.3,1,0.1,1.9,1.3,0.1,2.5,1.9,0.9,0.1,0.8,2,0.8,5.2,1.3,0.3,0.2,7.5,0.4,0.5,0.7,0.7,0.5,0.3,3.1,0.8,1.4,0.2,0.4,0.1,1.8,0.6,0.5,0.8,0.6,1.1,1.2,0.3,0.1,0.4,0.2,0.1,1.1,3.3,1.7,1,0.9,1.1,1.6,0.9,0.3,0.1,0.2,1.1,1,0.5,3.9,2.2,0.6,2.5,1.1,1.4,1.5,1.7,1.4,0.7,0.6,2.5,0.9,0.3,1.2,0.1,0.7,2.1,0.8
hsa-mir-425-5p ,1083,1541.5,1106.7,956.4,1111.8,1311.9,2960.6,691.4,1294.8,1514.5,837.2,1576,1722.8,1713.1,2960.5,1268.3,1102.6,873.4,1983.3,1598.9,1530.8,2422.6,1367.6,736.1,1007.4,877.2,545.8,958.6,1590.3,1486.9,1034.3,1478.8,1005,1740.7,1720.4,1135.1,1050.2,1823.1,1556.2,1167.7,1136.3,1004.9,1703.8,1086.4,820.5,521.5,1093.4,1177.3,1365.6,966.4,1268.2,1310.2,663.6,1960.4,1237.1,1765.1,1287.6,980,1350.1,1182.2,1122.6,1246.9,1441.1,1399,1446.5,2013.1,1104.8,2865,1159,1188.6,903.7,1253.6,1709.3,1408,2843.1,1833.9,2049.4,1306.9,1768.7,947.8,1270.8,1865.4,1122.1,1208.6,1478.5,1426.5
hsa-mir-509-3p ,7.7,8.7,4.4,6.7,7.8,4.2,25.1,4.2,5.6,6,8,6.9,13.6,4.9,3.7,11.7,4.5,9.7,15,8.3,5.3,7.5,5.6,9.7,11.3,9.9,5.1,16.7,10.5,6.9,5.5,7.9,9.6,12.8,6.7,10.3,12,8.3,4.7,18.8,9.1,7.3,7.4,7.2,9.6,8.7,6.1,14.9,10.8,6.2,4.2,8.1,8.4,13,7.6,9.7,9,8.3,16.9,16.3,11.9,13.7,7.2,10.3,8.6,12.3,8.4,14,14.1,10.2,11.9,9.2,14.4,22.2,14.5,9.2,9,7.2,9.3,8.1,7.4,12.2,6.4,10.6,10.1,7.8
hsa-mir-514a-3p ,2,2.7,1.3,1.1,1.3,0.8,4.4,0.5,1,1.1,0.5,1.7,2.3,0.4,1.6,1.7,0.3,1.8,2.9,0.7,0.8,2.7,1.2,1.6,2.2,2.5,1.6,1.3,2.6,1.6,0.8,2.4,2.1,3,1.5,1.9,1.8,3.1,0.9,2.1,1.7,1.7,0.9,1.3,1,0.3,1.3,2.4,2.2,1.2,0.8,1.5,0.6,3.5,1.8,3.3,1.1,0.7,0.6,0.1,1.8,1.2,1.9,1.4,2.5,3,2,5.1,2,1.7,1.3,2,2.8,2.9,3.9,2.2,2.6,1.9,1,1.3,2.3,2.8,0.9,1.8,1.8,2.2
hsa-mir-1246 ,17,3.5,19.8,11.6,5.9,3.2,37.9,9.6,3.3,18.4,3.4,14,73,24.9,13.3,5.9,5.8,0.3,18.9,19.8,3.2,3.6,0.8,3.9,32.3,5.6,44.3,2.9,0.6,91.4,0.1,9.2,5.7,4.1,0.1,15.4,10.3,20,8.9,2.3,27.6,1,36.9,18.4,11,0.1,5.6,7,0.2,23.6,14.3,0.1,19.9,5,8.4,3.9,11.2,12.8,46.3,68,11.5,444.2,50.8,24.9,1.6,19.5,18,1.7,2.9,0.9,154.2,5,11.5,16.9,8.4,10.3,69.2,5.4,11.6,4.9,3.8,7.1,7.3,11.3,2.8,1.1
hsa-mir-4487 ,6.1,2.8,2.6,40.5,5.6,1.2,23,0.8,0.7,1.1,1.8,3.7,7.6,0.1,0.1,4.7,0.8,0.1,5.3,0.9,0.2,0.3,0.9,7.5,2.8,8.8,2.7,2.8,8,13.4,2.3,2.2,1.7,10.1,22,2.9,4.2,4.9,0.8,8.5,6.5,3.8,18.2,4.4,2.1,1.9,0.2,4.5,1.2,0.5,4.6,3.2,0.1,4.5,1.2,3.4,1.5,0.9,0.1,7.2,2.3,1.6,0.7,5.1,4.7,3.7,1.4,3.6,2.9,1.9,0.4,1.5,6.9,2,0.1,1.6,2.8,1.5,4,1.7,1.1,1.7,0.1,4.4,5.1,0.2
hsa-mir-4706 ,1,0.1,0.1,0.6,1.3,0.1,7,1.4,0.1,1.3,2.2,2.9,3.5,0.1,0.1,2.5,1.6,0.1,2.3,1,0.1,0.1,0.4,1.7,1.4,2.1,0.1,1.7,6.8,11.9,7.5,2.2,1.8,2.4,0.1,2.9,1.2,1.8,0.1,1.9,2,1.5,1.6,1.3,4.3,0.3,0.1,1.5,0.7,5.2,0.1,1.7,0.1,1,0.8,3,2.1,2.1,0.1,23.4,5.6,3.8,1.8,16,4.5,4.8,2.1,4,2.2,2.3,0.1,1.9,8.6,2.5,2.3,2,4.4,2.7,6.9,2.1,2,3.7,5,5,4.2,0.1
hsa-mir-4731-5p ,0.4,0.1,0.1,0.7,0.2,0.1,4,0.2,0.1,6.6,0.1,0.1,2.9,0.1,0.1,7.2,0.1,0.1,1.4,0.1,8.2,2.2,0.1,1.3,0.6,0.8,0.1,0.1,1.9,0.1,0.1,0.6,1,2.5,0.1,1.2,0.9,1.4,0.1,0.7,1,10.4,0.1,0.7,1.5,0.2,0.1,0.9,0.00001,0.1,0.1,2.6,0.1,0.7,0.6,2.7,1.7,0.7,0.4,9.8,2.1,5.4,7.2,4.4,3.4,3.6,0.6,2.8,2.6,0.2,0.4,1.6,5.1,2.9,7.1,1.5,2.4,1.5,3.7,1.5,1.4,2.2,1,1.8,1.5,0.2
hsa-let-7d-5p ,1521.4,1893.4,2470,1554.5,1754.4,2186.6,1322.7,1805.3,1437.8,1439.7,1560.5,1810,1509.4,1616,1251.5,1614.6,1624.3,2235.3,1315.2,1806.4,1311.4,1681.2,2416,1525.1,2048,1694.8,1934.1,2095.4,1216.6,1503.9,1595.8,1558.3,1880.3,1251.6,1742.6,1570.1,2140.7,1639.4,1487.2,1528,1573.1,1831.2,1508.3,1703.6,1615.2,1848.9,1565.2,1492.9,1309.5,1963.6,1437.9,1829.5,1404.3,1647,1745.7,1808.3,1543.4,1710,1325.3,1120.1,1572.5,1491.9,2132,1311.7,1837.1,1445.7,2180.5,1403.8,1487.2,1610.6,1889.7,1849.7,1367.8,1630.8,1229,1680.5,1604.9,1730.6,1535.1,1732.2,1673.5,1469.9,1180.3,1867,1613.8,1350.4
hsa-let-7g-5p ,3290.7,2918.6,2520.6,3358.9,2873.9,2885,3084.7,3207.8,3605.6,3393.7,2936.7,2830.4,3232.2,3038.7,3860.9,3360.6,3457.9,2464.6,3507.2,2576.3,3918.9,2689.1,2466.8,3748.3,2951.7,3642.5,3438.8,2990.8,3855.3,3612.3,3545.6,3485.3,3221,4180.7,3207.3,3396.8,2836.1,3552.5,3585.3,3165.4,3595.8,3439.4,3550.1,3340.5,3363.3,3389.7,3518.2,3481.3,3663.9,3058.8,3905.8,3075.5,3785.4,3274.5,3274.2,3075.9,3360.1,3334.5,3571.6,3954.4,3542.3,3472.3,2886.4,3698.4,3270.4,3491.6,2854.7,3069.6,3357.2,3348.5,3310,2915.5,3516.9,3420.9,3509.4,2771.3,3230.7,3512.8,3323.6,3365.7,3328,3318.4,3989.8,3086.6,2926.1,3638.3
hsa-let-7i-5p ,3693.7,3346.3,2970.3,3541.7,3667.7,2931.5,4532.1,3193.2,3567.1,3784.8,4035.1,3609.7,3790.5,3765.9,3827.1,3408.2,3292.4,3356.6,4009,3973.5,3598.2,4090.3,3103,3234.9,3059.1,2995.5,2780.4,2950.8,3942.6,3404,3268.4,3404.8,3053.4,3534.2,3308.6,3467.4,3045.8,3175.2,3468.2,3823.2,3269.1,2936.1,3453.7,3249.4,3404.2,2950.6,3358.1,3558,3854.3,3078.8,3292.7,3286.5,3478.7,3428.8,3235.3,3324.8,3565.9,3243.1,3906.8,4175,3319.7,3569.7,3005,3811.8,3077.8,3663.3,2970.8,4291.4,3703.9,3428.9,2956.4,3429,3844.2,3314.7,4287.6,3970.7,3566.6,3041.9,3624.5,3171.9,3320.3,3791.1,3926.9,3209,3916.1,3763.9
hsa-mir-29b-3p ,1925.9,1798.5,820.5,1667.7,1763.7,1470.8,2312,1064.1,1575.7,1908.5,968.7,983.8,2507.6,1024.8,3385.7,1678.9,1027.1,1822.6,2683.4,1690.4,1923.5,1331.4,1376.4,2303.8,1529.6,1335.5,1222.5,1252.6,2747.7,2128,1277.9,1806.7,2242.4,2085.3,1411.1,2046.1,1620.9,2761,1205.7,1409.3,2136,1373.2,2050.1,1740.9,1703.5,1061.5,1183.5,1821.1,2148.9,1193.9,3019.6,1529.9,1136,2228.6,2247.1,1793.7,1484.6,2094.7,2225.5,2245.2,1715.3,1401.7,1631.5,1767.8,1767.6,1935.4,1094.4,1729.8,1408.9,1368.3,1018.8,1562.4,1838,2066.3,2779.9,1621.7,1139.7,1828.6,1810.2,1345.7,1321.7,1928.7,2254.5,713.7,1689.6,1872.1
